device_category,sessions,pct
desktop,45595,0.6349217400991478
mobile,23107,0.3217707346961511
tablet,3110,0.043307525204701165
